{"cameraMode":{"drawMode":0,"name":"Shaded","section":"Shading Mode"},"sceneLighting":false,"audioPlay":false,"sceneViewState":{"m_AlwaysRefresh":false,"showFog":true,"showSkybox":false,"showFlares":true,"showImageEffects":true,"showParticleSystems":true,"showVisualEffectGraphs":true,"m_FxEnabled":true},"in2DMode":false,"pivot":{"x":-42.788761138916019,"y":-21.1374454498291,"z":27.02553939819336},"rotation":{"x":0.023201480507850648,"y":0.12860693037509919,"z":-0.0030144103802740576,"w":0.9914321899414063},"size":0.8660253882408142,"orthographic":false}