{"cameraMode":{"drawMode":0,"name":"Shaded","section":"Shading Mode"},"sceneLighting":false,"audioPlay":false,"sceneViewState":{"m_AlwaysRefresh":false,"showFog":true,"showSkybox":false,"showFlares":true,"showImageEffects":true,"showParticleSystems":true,"showVisualEffectGraphs":true,"m_FxEnabled":true},"in2DMode":false,"pivot":{"x":4.428941249847412,"y":1.149999976158142,"z":-5.679999828338623},"rotation":{"x":0.04288148134946823,"y":0.013484196737408638,"z":-0.0005837989738211036,"w":0.9990028738975525},"size":0.8660253882408142,"orthographic":false}