{"cameraMode":{"drawMode":0,"name":"Shaded","section":"Shading Mode"},"sceneLighting":false,"audioPlay":false,"sceneViewState":{"m_AlwaysRefresh":false,"showFog":true,"showSkybox":false,"showFlares":true,"showImageEffects":true,"showParticleSystems":true,"showVisualEffectGraphs":true,"m_FxEnabled":true},"in2DMode":false,"pivot":{"x":0.1172388419508934,"y":2.104968547821045,"z":4.075628280639648},"rotation":{"x":0.04288148134946823,"y":0.013484196737408638,"z":-0.0005837989738211036,"w":0.9990028738975525},"size":0.6192218661308289,"orthographic":false}